Dataset,Analyte,Time,Mg_1,Mg_2,Mg_3,NH4_1,NH4_2,NH4_3,PO4_1,PO4_2,PO4_3,PO4_1_corr,PO4_2_corr,PO4_3_corr,PO4_avg,PO4_pct,F,1-F,ln(1-F),sqrt_t,ln_t,log_t,log_F,higuchi_model__Parameter,higuchi_model__Value,higuchi_model__Slope,higuchi_model__Intercept,higuchi_model__R_2_transformed,higuchi_model__RMSE_in_F_space,higuchi_model__RRMSE_in_F_space,first_order_model__Parameter,first_order_model__Value,first_order_model__Slope,first_order_model__Intercept,first_order_model__R_2_transformed,first_order_model__RMSE_in_F_space,first_order_model__RRMSE_in_F_space,ritger_peppas_model__Parameter,ritger_peppas_model__Value,ritger_peppas_model__k_Ritger_Peppas,ritger_peppas_model__Slope,ritger_peppas_model__Intercept,ritger_peppas_model__R_2_transformed,ritger_peppas_model__RMSE_in_F_space,ritger_peppas_model__RRMSE_in_F_space,elovich_model__Parameter,elovich_model__Value,elovich_model__Slope,elovich_model__Intercept,elovich_model__R_2_transformed,elovich_model__RMSE_in_F_space,elovich_model__RRMSE_in_F_space,Best_Model,Best_Model_Parameter,Best_Model_Value,Mg_1_corr,Mg_2_corr,Mg_3_corr,Mg_avg,Mg_pct,NH4_1_corr,NH4_2_corr,NH4_3_corr,NH4_avg,NH4_pct
EPSRawData,PO4,0.0,0.0,0.0,0.0,0.0,0.0,0.0,0.0,0.0,0.0,0.0,0.0,0.0,0.0,0.0,0.0,,,,,,,k_H (Higuchi constant),0.1179769367785615,0.1179769367785615,0.06484564570075327,0.9802029844648186,0.028332395427294533,7.562944785621542,k (first-order),0.036026665083275504,-0.036026665083275504,-0.18844548704393585,0.9783838793789457,0.024790235510322604,6.617413725861848,n (release exponent),0.3662567278235827,0.1897537882026197,0.3662567278235827,-0.7218095451870443,0.9580106618933449,0.041811529333032935,11.161014908167239,slope (1/beta),0.13743704452405003,0.13743704452405003,0.16980729901415645,0.8672597410491618,0.07336429741730713,19.58359405320476,Higuchi Model,k_H (Higuchi constant),0.1179769367785615,,,,,,,,,,
EPSRawData,PO4,0.5,20.0,23.0,17.0,12.5,14.2,12.1,0.56,0.59,0.56,78.96000000000001,83.19,78.96000000000001,80.37,17.27272727,0.1727272727,0.8272727273,-0.18962085924259914,0.7071067811865476,-0.6931471805599453,-0.3010299956639812,-0.7626390842739689,k_H (Higuchi constant),0.1179769367785615,0.1179769367785615,0.06484564570075327,0.9802029844648186,0.028332395427294533,7.562944785621542,k (first-order),0.036026665083275504,-0.036026665083275504,-0.18844548704393585,0.9783838793789457,0.024790235510322604,6.617413725861848,n (release exponent),0.3662567278235827,0.1897537882026197,0.3662567278235827,-0.7218095451870443,0.9580106618933449,0.041811529333032935,11.161014908167239,slope (1/beta),0.13743704452405003,0.13743704452405003,0.16980729901415645,0.8672597410491618,0.07336429741730713,19.58359405320476,Higuchi Model,k_H (Higuchi constant),0.1179769367785615,,,,,,,,,,
EPSRawData,PO4,1.0,22.0,22.0,27.0,14.5,14.4,14.1,0.57,0.58,0.58,80.36999999999999,81.78,81.78,81.31,17.47474747,0.1747474747,0.8252525253,-0.19206584821110514,1.0,0.0,0.0,-0.757589091586742,k_H (Higuchi constant),0.1179769367785615,0.1179769367785615,0.06484564570075327,0.9802029844648186,0.028332395427294533,7.562944785621542,k (first-order),0.036026665083275504,-0.036026665083275504,-0.18844548704393585,0.9783838793789457,0.024790235510322604,6.617413725861848,n (release exponent),0.3662567278235827,0.1897537882026197,0.3662567278235827,-0.7218095451870443,0.9580106618933449,0.041811529333032935,11.161014908167239,slope (1/beta),0.13743704452405003,0.13743704452405003,0.16980729901415645,0.8672597410491618,0.07336429741730713,19.58359405320476,Higuchi Model,k_H (Higuchi constant),0.1179769367785615,,,,,,,,,,
EPSRawData,PO4,2.0,33.0,31.0,37.0,21.0,21.7,24.0,0.77,0.8,0.84,108.57000000000001,112.80000000000001,118.44,113.27,24.34343434,0.2434343434,0.7565656566,-0.2789659595660223,1.4142135623730951,0.6931471805599453,0.3010299956639812,-0.6136181520839513,k_H (Higuchi constant),0.1179769367785615,0.1179769367785615,0.06484564570075327,0.9802029844648186,0.028332395427294533,7.562944785621542,k (first-order),0.036026665083275504,-0.036026665083275504,-0.18844548704393585,0.9783838793789457,0.024790235510322604,6.617413725861848,n (release exponent),0.3662567278235827,0.1897537882026197,0.3662567278235827,-0.7218095451870443,0.9580106618933449,0.041811529333032935,11.161014908167239,slope (1/beta),0.13743704452405003,0.13743704452405003,0.16980729901415645,0.8672597410491618,0.07336429741730713,19.58359405320476,Higuchi Model,k_H (Higuchi constant),0.1179769367785615,,,,,,,,,,
EPSRawData,PO4,4.0,37.0,43.0,35.0,24.5,24.1,24.5,1.1,0.94,1.09,155.10000000000002,132.54,153.69,147.11,31.61616162,0.3161616162,0.6838383838,-0.3800336702724907,2.0,1.3862943611198906,0.6020599913279624,-0.5000908569983756,k_H (Higuchi constant),0.1179769367785615,0.1179769367785615,0.06484564570075327,0.9802029844648186,0.028332395427294533,7.562944785621542,k (first-order),0.036026665083275504,-0.036026665083275504,-0.18844548704393585,0.9783838793789457,0.024790235510322604,6.617413725861848,n (release exponent),0.3662567278235827,0.1897537882026197,0.3662567278235827,-0.7218095451870443,0.9580106618933449,0.041811529333032935,11.161014908167239,slope (1/beta),0.13743704452405003,0.13743704452405003,0.16980729901415645,0.8672597410491618,0.07336429741730713,19.58359405320476,Higuchi Model,k_H (Higuchi constant),0.1179769367785615,,,,,,,,,,
EPSRawData,PO4,6.0,45.0,46.0,45.0,25.7,26.6,25.2,1.02,1.05,1.03,143.82,148.05,145.23,145.7,31.31313131,0.3131313131,0.6868686869,-0.37561214491289496,2.449489742783178,1.791759469228055,0.7781512503836436,-0.5042735008067067,k_H (Higuchi constant),0.1179769367785615,0.1179769367785615,0.06484564570075327,0.9802029844648186,0.028332395427294533,7.562944785621542,k (first-order),0.036026665083275504,-0.036026665083275504,-0.18844548704393585,0.9783838793789457,0.024790235510322604,6.617413725861848,n (release exponent),0.3662567278235827,0.1897537882026197,0.3662567278235827,-0.7218095451870443,0.9580106618933449,0.041811529333032935,11.161014908167239,slope (1/beta),0.13743704452405003,0.13743704452405003,0.16980729901415645,0.8672597410491618,0.07336429741730713,19.58359405320476,Higuchi Model,k_H (Higuchi constant),0.1179769367785615,,,,,,,,,,
EPSRawData,PO4,8.0,38.0,42.0,47.0,29.6,30.2,31.4,1.16,1.17,1.29,163.56,164.97,181.89000000000001,170.14,36.56565657,0.3656565657,0.6343434343000001,-0.45516477672890815,2.8284271247461903,2.0794415416798357,0.9030899869919435,-0.43692662401279675,k_H (Higuchi constant),0.1179769367785615,0.1179769367785615,0.06484564570075327,0.9802029844648186,0.028332395427294533,7.562944785621542,k (first-order),0.036026665083275504,-0.036026665083275504,-0.18844548704393585,0.9783838793789457,0.024790235510322604,6.617413725861848,n (release exponent),0.3662567278235827,0.1897537882026197,0.3662567278235827,-0.7218095451870443,0.9580106618933449,0.041811529333032935,11.161014908167239,slope (1/beta),0.13743704452405003,0.13743704452405003,0.16980729901415645,0.8672597410491618,0.07336429741730713,19.58359405320476,Higuchi Model,k_H (Higuchi constant),0.1179769367785615,,,,,,,,,,
EPSRawData,PO4,24.5,72.0,82.0,84.0,59.4,57.6,60.7,2.33,2.27,2.3,328.53000000000003,320.07,324.29999999999995,324.3,69.6969697,0.696969697,0.303030303,-1.1939224685724346,4.949747468305833,3.1986731175506815,1.3891660843645324,-0.15678610384141223,k_H (Higuchi constant),0.1179769367785615,0.1179769367785615,0.06484564570075327,0.9802029844648186,0.028332395427294533,7.562944785621542,k (first-order),0.036026665083275504,-0.036026665083275504,-0.18844548704393585,0.9783838793789457,0.024790235510322604,6.617413725861848,n (release exponent),0.3662567278235827,0.1897537882026197,0.3662567278235827,-0.7218095451870443,0.9580106618933449,0.041811529333032935,11.161014908167239,slope (1/beta),0.13743704452405003,0.13743704452405003,0.16980729901415645,0.8672597410491618,0.07336429741730713,19.58359405320476,Higuchi Model,k_H (Higuchi constant),0.1179769367785615,,,,,,,,,,
EPSRawData,PO4,32.0,95.0,99.0,99.0,60.2,63.6,60.7,2.41,2.31,2.35,339.81,325.71,331.35,332.29,71.41414141,0.7141414141,0.2858585859,-1.2522580453405217,5.656854249492381,3.4657359027997265,1.505149978319906,-0.14621578082583592,k_H (Higuchi constant),0.1179769367785615,0.1179769367785615,0.06484564570075327,0.9802029844648186,0.028332395427294533,7.562944785621542,k (first-order),0.036026665083275504,-0.036026665083275504,-0.18844548704393585,0.9783838793789457,0.024790235510322604,6.617413725861848,n (release exponent),0.3662567278235827,0.1897537882026197,0.3662567278235827,-0.7218095451870443,0.9580106618933449,0.041811529333032935,11.161014908167239,slope (1/beta),0.13743704452405003,0.13743704452405003,0.16980729901415645,0.8672597410491618,0.07336429741730713,19.58359405320476,Higuchi Model,k_H (Higuchi constant),0.1179769367785615,,,,,,,,,,
EPSRawData,PO4,48.5,,,,73.5,73.5,73.5,3.3,3.3,3.3,465.29999999999995,465.29999999999995,465.29999999999995,465.3,100.0,1.0,,,,,,,k_H (Higuchi constant),0.1179769367785615,0.1179769367785615,0.06484564570075327,0.9802029844648186,0.028332395427294533,7.562944785621542,k (first-order),0.036026665083275504,-0.036026665083275504,-0.18844548704393585,0.9783838793789457,0.024790235510322604,6.617413725861848,n (release exponent),0.3662567278235827,0.1897537882026197,0.3662567278235827,-0.7218095451870443,0.9580106618933449,0.041811529333032935,11.161014908167239,slope (1/beta),0.13743704452405003,0.13743704452405003,0.16980729901415645,0.8672597410491618,0.07336429741730713,19.58359405320476,Higuchi Model,k_H (Higuchi constant),0.1179769367785615,,,,,,,,,,
EPSRawData,Mg,0.0,0.0,0.0,0.0,0.0,0.0,0.0,0.0,0.0,0.0,,,,,,0.0,,,,,,,k_H (Higuchi constant),0.15006305803168243,0.15006305803168243,0.08619380195127788,0.9769100444191343,0.038985434665979674,8.11826404602826,k (first-order),0.10750441778505102,-0.10750441778505102,-0.014095179282385344,0.8518768322815055,0.10875506971788573,22.64698033710693,n (release exponent),0.3653831854790194,0.24415676710728837,0.3653831854790194,-0.612331234203427,0.9658031359198211,0.05581873215230173,11.623602768814361,slope (1/beta),0.17452566802471983,0.17452566802471983,0.22013406419916928,0.8614803797203604,0.09548749013810186,19.884160961019013,Higuchi Model,k_H (Higuchi constant),0.15006305803168243,0.0,0.0,0.0,0.0,0.0,,,,,
EPSRawData,Mg,0.5,20.0,23.0,17.0,12.5,14.2,12.1,0.56,0.59,0.56,,,,,,0.202020202,0.797979798,-0.22567199764225201,0.7071067811865476,-0.6931471805599453,-0.3010299956639812,-0.6946051989769981,k_H (Higuchi constant),0.15006305803168243,0.15006305803168243,0.08619380195127788,0.9769100444191343,0.038985434665979674,8.11826404602826,k (first-order),0.10750441778505102,-0.10750441778505102,-0.014095179282385344,0.8518768322815055,0.10875506971788573,22.64698033710693,n (release exponent),0.3653831854790194,0.24415676710728837,0.3653831854790194,-0.612331234203427,0.9658031359198211,0.05581873215230173,11.623602768814361,slope (1/beta),0.17452566802471983,0.17452566802471983,0.22013406419916928,0.8614803797203604,0.09548749013810186,19.884160961019013,Higuchi Model,k_H (Higuchi constant),0.15006305803168243,20.0,23.0,17.0,20.0,20.2020202,,,,,
EPSRawData,Mg,1.0,22.0,22.0,27.0,14.5,14.4,14.1,0.57,0.58,0.58,,,,,,0.2390572391,0.7609427609,-0.2731971395866084,1.0,0.0,0.0,-0.6214981005204534,k_H (Higuchi constant),0.15006305803168243,0.15006305803168243,0.08619380195127788,0.9769100444191343,0.038985434665979674,8.11826404602826,k (first-order),0.10750441778505102,-0.10750441778505102,-0.014095179282385344,0.8518768322815055,0.10875506971788573,22.64698033710693,n (release exponent),0.3653831854790194,0.24415676710728837,0.3653831854790194,-0.612331234203427,0.9658031359198211,0.05581873215230173,11.623602768814361,slope (1/beta),0.17452566802471983,0.17452566802471983,0.22013406419916928,0.8614803797203604,0.09548749013810186,19.884160961019013,Higuchi Model,k_H (Higuchi constant),0.15006305803168243,22.0,22.0,27.0,23.66666667,23.90572391,,,,,
EPSRawData,Mg,2.0,33.0,31.0,37.0,21.0,21.7,24.0,0.77,0.8,0.84,,,,,,0.3400673401,0.6599326598999999,-0.4156174796216723,1.4142135623730951,0.6931471805599453,0.3010299956639812,-0.4684350754928603,k_H (Higuchi constant),0.15006305803168243,0.15006305803168243,0.08619380195127788,0.9769100444191343,0.038985434665979674,8.11826404602826,k (first-order),0.10750441778505102,-0.10750441778505102,-0.014095179282385344,0.8518768322815055,0.10875506971788573,22.64698033710693,n (release exponent),0.3653831854790194,0.24415676710728837,0.3653831854790194,-0.612331234203427,0.9658031359198211,0.05581873215230173,11.623602768814361,slope (1/beta),0.17452566802471983,0.17452566802471983,0.22013406419916928,0.8614803797203604,0.09548749013810186,19.884160961019013,Higuchi Model,k_H (Higuchi constant),0.15006305803168243,33.0,31.0,37.0,33.66666667,34.00673401,,,,,
EPSRawData,Mg,4.0,37.0,43.0,35.0,24.5,24.1,24.5,1.1,0.94,1.09,,,,,,0.3872053872,0.6127946128,-0.489725451717113,2.0,1.3862943611198906,0.6020599913279624,-0.4120586089696431,k_H (Higuchi constant),0.15006305803168243,0.15006305803168243,0.08619380195127788,0.9769100444191343,0.038985434665979674,8.11826404602826,k (first-order),0.10750441778505102,-0.10750441778505102,-0.014095179282385344,0.8518768322815055,0.10875506971788573,22.64698033710693,n (release exponent),0.3653831854790194,0.24415676710728837,0.3653831854790194,-0.612331234203427,0.9658031359198211,0.05581873215230173,11.623602768814361,slope (1/beta),0.17452566802471983,0.17452566802471983,0.22013406419916928,0.8614803797203604,0.09548749013810186,19.884160961019013,Higuchi Model,k_H (Higuchi constant),0.15006305803168243,37.0,43.0,35.0,38.33333333,38.72053872,,,,,
EPSRawData,Mg,6.0,45.0,46.0,45.0,25.7,26.6,25.2,1.02,1.05,1.03,,,,,,0.4579124579,0.5420875421,-0.6123277737952553,2.449489742783178,1.791759469228055,0.7781512503836436,-0.3392175409588102,k_H (Higuchi constant),0.15006305803168243,0.15006305803168243,0.08619380195127788,0.9769100444191343,0.038985434665979674,8.11826404602826,k (first-order),0.10750441778505102,-0.10750441778505102,-0.014095179282385344,0.8518768322815055,0.10875506971788573,22.64698033710693,n (release exponent),0.3653831854790194,0.24415676710728837,0.3653831854790194,-0.612331234203427,0.9658031359198211,0.05581873215230173,11.623602768814361,slope (1/beta),0.17452566802471983,0.17452566802471983,0.22013406419916928,0.8614803797203604,0.09548749013810186,19.884160961019013,Higuchi Model,k_H (Higuchi constant),0.15006305803168243,45.0,46.0,45.0,45.33333333,45.79124579,,,,,
EPSRawData,Mg,8.0,38.0,42.0,47.0,29.6,30.2,31.4,1.16,1.17,1.29,,,,,,0.4276094276,0.5723905724,-0.5579337017359672,2.8284271247461903,2.0794415416798357,0.9030899869919435,-0.3689527283708305,k_H (Higuchi constant),0.15006305803168243,0.15006305803168243,0.08619380195127788,0.9769100444191343,0.038985434665979674,8.11826404602826,k (first-order),0.10750441778505102,-0.10750441778505102,-0.014095179282385344,0.8518768322815055,0.10875506971788573,22.64698033710693,n (release exponent),0.3653831854790194,0.24415676710728837,0.3653831854790194,-0.612331234203427,0.9658031359198211,0.05581873215230173,11.623602768814361,slope (1/beta),0.17452566802471983,0.17452566802471983,0.22013406419916928,0.8614803797203604,0.09548749013810186,19.884160961019013,Higuchi Model,k_H (Higuchi constant),0.15006305803168243,38.0,42.0,47.0,42.33333333,42.76094276,,,,,
EPSRawData,Mg,24.5,72.0,82.0,84.0,59.4,57.6,60.7,2.33,2.27,2.3,,,,,,0.8013468013,0.19865319869999998,-1.616194694661387,4.949747468305833,3.1986731175506815,1.3891660843645324,-0.09617949228606465,k_H (Higuchi constant),0.15006305803168243,0.15006305803168243,0.08619380195127788,0.9769100444191343,0.038985434665979674,8.11826404602826,k (first-order),0.10750441778505102,-0.10750441778505102,-0.014095179282385344,0.8518768322815055,0.10875506971788573,22.64698033710693,n (release exponent),0.3653831854790194,0.24415676710728837,0.3653831854790194,-0.612331234203427,0.9658031359198211,0.05581873215230173,11.623602768814361,slope (1/beta),0.17452566802471983,0.17452566802471983,0.22013406419916928,0.8614803797203604,0.09548749013810186,19.884160961019013,Higuchi Model,k_H (Higuchi constant),0.15006305803168243,72.0,82.0,84.0,79.33333333,80.13468013,,,,,
EPSRawData,Mg,32.0,95.0,99.0,99.0,60.2,63.6,60.7,2.41,2.31,2.35,,,,,,0.9865319866,0.013468013400000034,-4.307437782732807,5.656854249492381,3.4657359027997265,1.505149978319906,-0.0058888289331617905,k_H (Higuchi constant),0.15006305803168243,0.15006305803168243,0.08619380195127788,0.9769100444191343,0.038985434665979674,8.11826404602826,k (first-order),0.10750441778505102,-0.10750441778505102,-0.014095179282385344,0.8518768322815055,0.10875506971788573,22.64698033710693,n (release exponent),0.3653831854790194,0.24415676710728837,0.3653831854790194,-0.612331234203427,0.9658031359198211,0.05581873215230173,11.623602768814361,slope (1/beta),0.17452566802471983,0.17452566802471983,0.22013406419916928,0.8614803797203604,0.09548749013810186,19.884160961019013,Higuchi Model,k_H (Higuchi constant),0.15006305803168243,95.0,99.0,99.0,97.66666667,98.65319866,,,,,
EPSRawData,Mg,48.5,,,,73.5,73.5,73.5,3.3,3.3,3.3,,,,,,,,,,,,,k_H (Higuchi constant),0.15006305803168243,0.15006305803168243,0.08619380195127788,0.9769100444191343,0.038985434665979674,8.11826404602826,k (first-order),0.10750441778505102,-0.10750441778505102,-0.014095179282385344,0.8518768322815055,0.10875506971788573,22.64698033710693,n (release exponent),0.3653831854790194,0.24415676710728837,0.3653831854790194,-0.612331234203427,0.9658031359198211,0.05581873215230173,11.623602768814361,slope (1/beta),0.17452566802471983,0.17452566802471983,0.22013406419916928,0.8614803797203604,0.09548749013810186,19.884160961019013,Higuchi Model,k_H (Higuchi constant),0.15006305803168243,,,,,,,,,,
EPSRawData,NH4,0.0,0.0,0.0,0.0,0.0,0.0,0.0,0.0,0.0,0.0,,,,,,0.0,,,,,,,k_H (Higuchi constant),0.14018760282512607,0.14018760282512607,0.05849252597857335,0.9785671854940764,0.03505889429925321,8.21845708248054,k (first-order),0.05396130878162242,-0.05396130878162242,-0.1728789869818759,0.9848306213951082,0.031233870593685164,7.321800362637802,n (release exponent),0.385485233635334,0.20726214867989654,0.385485233635334,-0.6834800038415784,0.9614569865964456,0.049289329955030395,11.55433595258218,slope (1/beta),0.16309589983251585,0.16309589983251585,0.18353558600098205,0.8635297382378362,0.08846625128944974,20.738135186589968,First-Order Model,k (first-order),0.05396130878162242,,,,,,0.0,0.0,0.0,0.0,0.0
EPSRawData,NH4,0.5,20.0,23.0,17.0,12.5,14.2,12.1,0.56,0.59,0.56,,,,,,0.1759637188,0.8240362811999999,-0.1935407194594588,0.7071067811865476,-0.6931471805599453,-0.3010299956639812,-0.7545768682611386,k_H (Higuchi constant),0.14018760282512607,0.14018760282512607,0.05849252597857335,0.9785671854940764,0.03505889429925321,8.21845708248054,k (first-order),0.05396130878162242,-0.05396130878162242,-0.1728789869818759,0.9848306213951082,0.031233870593685164,7.321800362637802,n (release exponent),0.385485233635334,0.20726214867989654,0.385485233635334,-0.6834800038415784,0.9614569865964456,0.049289329955030395,11.55433595258218,slope (1/beta),0.16309589983251585,0.16309589983251585,0.18353558600098205,0.8635297382378362,0.08846625128944974,20.738135186589968,First-Order Model,k (first-order),0.05396130878162242,,,,,,12.5,14.2,12.1,12.93333333,17.59637188
EPSRawData,NH4,1.0,22.0,22.0,27.0,14.5,14.4,14.1,0.57,0.58,0.58,,,,,,0.1950113378,0.8049886622,-0.21692708588635978,1.0,0.0,0.0,-0.7099401383767789,k_H (Higuchi constant),0.14018760282512607,0.14018760282512607,0.05849252597857335,0.9785671854940764,0.03505889429925321,8.21845708248054,k (first-order),0.05396130878162242,-0.05396130878162242,-0.1728789869818759,0.9848306213951082,0.031233870593685164,7.321800362637802,n (release exponent),0.385485233635334,0.20726214867989654,0.385485233635334,-0.6834800038415784,0.9614569865964456,0.049289329955030395,11.55433595258218,slope (1/beta),0.16309589983251585,0.16309589983251585,0.18353558600098205,0.8635297382378362,0.08846625128944974,20.738135186589968,First-Order Model,k (first-order),0.05396130878162242,,,,,,14.5,14.4,14.1,14.33333333,19.50113378
EPSRawData,NH4,2.0,33.0,31.0,37.0,21.0,21.7,24.0,0.77,0.8,0.84,,,,,,0.302494331,0.697505669,-0.3602446377210788,1.4142135623730951,0.6931471805599453,0.3010299956639812,-0.5192827599817202,k_H (Higuchi constant),0.14018760282512607,0.14018760282512607,0.05849252597857335,0.9785671854940764,0.03505889429925321,8.21845708248054,k (first-order),0.05396130878162242,-0.05396130878162242,-0.1728789869818759,0.9848306213951082,0.031233870593685164,7.321800362637802,n (release exponent),0.385485233635334,0.20726214867989654,0.385485233635334,-0.6834800038415784,0.9614569865964456,0.049289329955030395,11.55433595258218,slope (1/beta),0.16309589983251585,0.16309589983251585,0.18353558600098205,0.8635297382378362,0.08846625128944974,20.738135186589968,First-Order Model,k (first-order),0.05396130878162242,,,,,,21.0,21.7,24.0,22.23333333,30.2494331
EPSRawData,NH4,4.0,37.0,43.0,35.0,24.5,24.1,24.5,1.1,0.94,1.09,,,,,,0.3315192744,0.6684807256,-0.4027477151669425,2.0,1.3862943611198906,0.6020599913279624,-0.47949121681510315,k_H (Higuchi constant),0.14018760282512607,0.14018760282512607,0.05849252597857335,0.9785671854940764,0.03505889429925321,8.21845708248054,k (first-order),0.05396130878162242,-0.05396130878162242,-0.1728789869818759,0.9848306213951082,0.031233870593685164,7.321800362637802,n (release exponent),0.385485233635334,0.20726214867989654,0.385485233635334,-0.6834800038415784,0.9614569865964456,0.049289329955030395,11.55433595258218,slope (1/beta),0.16309589983251585,0.16309589983251585,0.18353558600098205,0.8635297382378362,0.08846625128944974,20.738135186589968,First-Order Model,k (first-order),0.05396130878162242,,,,,,24.5,24.1,24.5,24.36666667,33.15192744
EPSRawData,NH4,6.0,45.0,46.0,45.0,25.7,26.6,25.2,1.02,1.05,1.03,,,,,,0.3514739229,0.6485260771,-0.43305306462314724,2.449489742783178,1.791759469228055,0.7781512503836436,-0.45410689130062915,k_H (Higuchi constant),0.14018760282512607,0.14018760282512607,0.05849252597857335,0.9785671854940764,0.03505889429925321,8.21845708248054,k (first-order),0.05396130878162242,-0.05396130878162242,-0.1728789869818759,0.9848306213951082,0.031233870593685164,7.321800362637802,n (release exponent),0.385485233635334,0.20726214867989654,0.385485233635334,-0.6834800038415784,0.9614569865964456,0.049289329955030395,11.55433595258218,slope (1/beta),0.16309589983251585,0.16309589983251585,0.18353558600098205,0.8635297382378362,0.08846625128944974,20.738135186589968,First-Order Model,k (first-order),0.05396130878162242,,,,,,25.7,26.6,25.2,25.83333333,35.14739229
EPSRawData,NH4,8.0,38.0,42.0,47.0,29.6,30.2,31.4,1.16,1.17,1.29,,,,,,0.4136054422,0.5863945578,-0.533762409148532,2.8284271247461903,2.0794415416798357,0.9030899869919435,-0.38341375545115497,k_H (Higuchi constant),0.14018760282512607,0.14018760282512607,0.05849252597857335,0.9785671854940764,0.03505889429925321,8.21845708248054,k (first-order),0.05396130878162242,-0.05396130878162242,-0.1728789869818759,0.9848306213951082,0.031233870593685164,7.321800362637802,n (release exponent),0.385485233635334,0.20726214867989654,0.385485233635334,-0.6834800038415784,0.9614569865964456,0.049289329955030395,11.55433595258218,slope (1/beta),0.16309589983251585,0.16309589983251585,0.18353558600098205,0.8635297382378362,0.08846625128944974,20.738135186589968,First-Order Model,k (first-order),0.05396130878162242,,,,,,29.6,30.2,31.4,30.4,41.36054422
EPSRawData,NH4,24.5,72.0,82.0,84.0,59.4,57.6,60.7,2.33,2.27,2.3,,,,,,0.8058956916,0.19410430840000004,-1.6393595922477475,4.949747468305833,3.1986731175506815,1.3891660843645324,-0.09372116600393259,k_H (Higuchi constant),0.14018760282512607,0.14018760282512607,0.05849252597857335,0.9785671854940764,0.03505889429925321,8.21845708248054,k (first-order),0.05396130878162242,-0.05396130878162242,-0.1728789869818759,0.9848306213951082,0.031233870593685164,7.321800362637802,n (release exponent),0.385485233635334,0.20726214867989654,0.385485233635334,-0.6834800038415784,0.9614569865964456,0.049289329955030395,11.55433595258218,slope (1/beta),0.16309589983251585,0.16309589983251585,0.18353558600098205,0.8635297382378362,0.08846625128944974,20.738135186589968,First-Order Model,k (first-order),0.05396130878162242,,,,,,59.4,57.6,60.7,59.23333333,80.58956916
EPSRawData,NH4,32.0,95.0,99.0,99.0,60.2,63.6,60.7,2.41,2.31,2.35,,,,,,0.8367346939,0.1632653061,-1.8123787565682907,5.656854249492381,3.4657359027997265,1.505149978319906,-0.07741222329712637,k_H (Higuchi constant),0.14018760282512607,0.14018760282512607,0.05849252597857335,0.9785671854940764,0.03505889429925321,8.21845708248054,k (first-order),0.05396130878162242,-0.05396130878162242,-0.1728789869818759,0.9848306213951082,0.031233870593685164,7.321800362637802,n (release exponent),0.385485233635334,0.20726214867989654,0.385485233635334,-0.6834800038415784,0.9614569865964456,0.049289329955030395,11.55433595258218,slope (1/beta),0.16309589983251585,0.16309589983251585,0.18353558600098205,0.8635297382378362,0.08846625128944974,20.738135186589968,First-Order Model,k (first-order),0.05396130878162242,,,,,,60.2,63.6,60.7,61.5,83.67346939
EPSRawData,NH4,48.5,,,,73.5,73.5,73.5,3.3,3.3,3.3,,,,,,1.0,,,,,,,k_H (Higuchi constant),0.14018760282512607,0.14018760282512607,0.05849252597857335,0.9785671854940764,0.03505889429925321,8.21845708248054,k (first-order),0.05396130878162242,-0.05396130878162242,-0.1728789869818759,0.9848306213951082,0.031233870593685164,7.321800362637802,n (release exponent),0.385485233635334,0.20726214867989654,0.385485233635334,-0.6834800038415784,0.9614569865964456,0.049289329955030395,11.55433595258218,slope (1/beta),0.16309589983251585,0.16309589983251585,0.18353558600098205,0.8635297382378362,0.08846625128944974,20.738135186589968,First-Order Model,k (first-order),0.05396130878162242,,,,,,73.5,73.5,73.5,73.5,100.0
SNAHCO3RawData,PO4,0.0,0.0,0.0,0.0,0.0,0.0,0.0,0.0,0.0,0.0,0.0,0.0,0.0,0.0,0.0,0.0,,,,,,,k_H (Higuchi constant),0.09097634114746063,0.09097634114746063,0.23552975636614734,0.9928077536091181,0.01710380071306922,3.286319787613727,k (first-order),0.03506523235941262,-0.03506523235941262,-0.35786801393226125,0.9735661630196949,0.03136217913338376,6.025920881431417,n (release exponent),0.23849147186935918,0.32176903659479167,0.23849147186935918,-0.49245574980506557,0.9807141183666589,0.03352407121557709,6.441306259663089,slope (1/beta),0.12339966561339287,0.12339966561339287,0.30923990524866546,0.9243905853227848,0.05545596758588568,10.655295081841382,Higuchi Model,k_H (Higuchi constant),0.09097634114746063,,,,,,,,,,
SNAHCO3RawData,PO4,0.5,33.0,34.0,34.0,23.2,24.4,22.1,0.97,0.95,0.97,136.77,133.95,136.77,135.83,29.19191919,0.2919191919,0.7080808081000001,-0.3451970560669413,0.7071067811865476,-0.6931471805599453,-0.3010299956639812,-0.5347373518695543,k_H (Higuchi constant),0.09097634114746063,0.09097634114746063,0.23552975636614734,0.9928077536091181,0.01710380071306922,3.286319787613727,k (first-order),0.03506523235941262,-0.03506523235941262,-0.35786801393226125,0.9735661630196949,0.03136217913338376,6.025920881431417,n (release exponent),0.23849147186935918,0.32176903659479167,0.23849147186935918,-0.49245574980506557,0.9807141183666589,0.03352407121557709,6.441306259663089,slope (1/beta),0.12339966561339287,0.12339966561339287,0.30923990524866546,0.9243905853227848,0.05545596758588568,10.655295081841382,Higuchi Model,k_H (Higuchi constant),0.09097634114746063,,,,,,,,,,
SNAHCO3RawData,PO4,1.0,44.0,43.0,45.0,28.3,27.6,27.4,1.06,1.09,1.07,149.46,153.69,150.87,151.34,32.52525253,0.3252525253,0.6747474747,-0.39341676966234923,1.0,0.0,0.0,-0.4877793228383282,k_H (Higuchi constant),0.09097634114746063,0.09097634114746063,0.23552975636614734,0.9928077536091181,0.01710380071306922,3.286319787613727,k (first-order),0.03506523235941262,-0.03506523235941262,-0.35786801393226125,0.9735661630196949,0.03136217913338376,6.025920881431417,n (release exponent),0.23849147186935918,0.32176903659479167,0.23849147186935918,-0.49245574980506557,0.9807141183666589,0.03352407121557709,6.441306259663089,slope (1/beta),0.12339966561339287,0.12339966561339287,0.30923990524866546,0.9243905853227848,0.05545596758588568,10.655295081841382,Higuchi Model,k_H (Higuchi constant),0.09097634114746063,,,,,,,,,,
SNAHCO3RawData,PO4,2.0,52.0,51.0,50.0,36.4,31.7,32.0,1.21,1.22,1.19,170.60999999999999,172.02,167.79,170.14,36.56565657,0.3656565657,0.6343434343000001,-0.45516477672890815,1.4142135623730951,0.6931471805599453,0.3010299956639812,-0.43692662401279675,k_H (Higuchi constant),0.09097634114746063,0.09097634114746063,0.23552975636614734,0.9928077536091181,0.01710380071306922,3.286319787613727,k (first-order),0.03506523235941262,-0.03506523235941262,-0.35786801393226125,0.9735661630196949,0.03136217913338376,6.025920881431417,n (release exponent),0.23849147186935918,0.32176903659479167,0.23849147186935918,-0.49245574980506557,0.9807141183666589,0.03352407121557709,6.441306259663089,slope (1/beta),0.12339966561339287,0.12339966561339287,0.30923990524866546,0.9243905853227848,0.05545596758588568,10.655295081841382,Higuchi Model,k_H (Higuchi constant),0.09097634114746063,,,,,,,,,,
SNAHCO3RawData,PO4,4.0,52.0,57.0,55.0,33.6,31.5,33.3,1.38,1.4,1.4,194.57999999999998,197.39999999999998,197.39999999999998,196.46,42.22222222,0.4222222222,0.5777777778,-0.5485659517103763,2.0,1.3862943611198906,0.6020599913279624,-0.3744589128453723,k_H (Higuchi constant),0.09097634114746063,0.09097634114746063,0.23552975636614734,0.9928077536091181,0.01710380071306922,3.286319787613727,k (first-order),0.03506523235941262,-0.03506523235941262,-0.35786801393226125,0.9735661630196949,0.03136217913338376,6.025920881431417,n (release exponent),0.23849147186935918,0.32176903659479167,0.23849147186935918,-0.49245574980506557,0.9807141183666589,0.03352407121557709,6.441306259663089,slope (1/beta),0.12339966561339287,0.12339966561339287,0.30923990524866546,0.9243905853227848,0.05545596758588568,10.655295081841382,Higuchi Model,k_H (Higuchi constant),0.09097634114746063,,,,,,,,,,
SNAHCO3RawData,PO4,6.0,59.0,68.0,61.0,38.3,40.5,37.4,1.6,1.61,1.56,225.60000000000002,227.01000000000002,219.96,224.19,48.18181818,0.4818181818,0.5181818182,-0.6574290979227784,2.449489742783178,1.791759469228055,0.7781512503836436,-0.31711681557382443,k_H (Higuchi constant),0.09097634114746063,0.09097634114746063,0.23552975636614734,0.9928077536091181,0.01710380071306922,3.286319787613727,k (first-order),0.03506523235941262,-0.03506523235941262,-0.35786801393226125,0.9735661630196949,0.03136217913338376,6.025920881431417,n (release exponent),0.23849147186935918,0.32176903659479167,0.23849147186935918,-0.49245574980506557,0.9807141183666589,0.03352407121557709,6.441306259663089,slope (1/beta),0.12339966561339287,0.12339966561339287,0.30923990524866546,0.9243905853227848,0.05545596758588568,10.655295081841382,Higuchi Model,k_H (Higuchi constant),0.09097634114746063,,,,,,,,,,
SNAHCO3RawData,PO4,24.0,85.0,86.0,89.0,57.0,55.8,58.2,2.21,2.0,2.2,311.61,282.0,310.20000000000005,301.27,64.74747475,0.6474747475,0.3525252525,-1.0426330209978416,4.898979485566356,3.1780538303479458,1.380211241711606,-0.18877716506179432,k_H (Higuchi constant),0.09097634114746063,0.09097634114746063,0.23552975636614734,0.9928077536091181,0.01710380071306922,3.286319787613727,k (first-order),0.03506523235941262,-0.03506523235941262,-0.35786801393226125,0.9735661630196949,0.03136217913338376,6.025920881431417,n (release exponent),0.23849147186935918,0.32176903659479167,0.23849147186935918,-0.49245574980506557,0.9807141183666589,0.03352407121557709,6.441306259663089,slope (1/beta),0.12339966561339287,0.12339966561339287,0.30923990524866546,0.9243905853227848,0.05545596758588568,10.655295081841382,Higuchi Model,k_H (Higuchi constant),0.09097634114746063,,,,,,,,,,
SNAHCO3RawData,PO4,32.0,98.0,87.0,94.0,57.5,62.3,60.6,2.48,2.41,2.45,349.68,339.81,345.45000000000005,344.98,74.14141414,0.7414141414,0.25858585860000005,-1.3525274985943854,5.656854249492381,3.4657359027997265,1.505149978319906,-0.12993913468976295,k_H (Higuchi constant),0.09097634114746063,0.09097634114746063,0.23552975636614734,0.9928077536091181,0.01710380071306922,3.286319787613727,k (first-order),0.03506523235941262,-0.03506523235941262,-0.35786801393226125,0.9735661630196949,0.03136217913338376,6.025920881431417,n (release exponent),0.23849147186935918,0.32176903659479167,0.23849147186935918,-0.49245574980506557,0.9807141183666589,0.03352407121557709,6.441306259663089,slope (1/beta),0.12339966561339287,0.12339966561339287,0.30923990524866546,0.9243905853227848,0.05545596758588568,10.655295081841382,Higuchi Model,k_H (Higuchi constant),0.09097634114746063,,,,,,,,,,
SNAHCO3RawData,PO4,48.0,99.0,99.0,99.0,73.5,73.2,73.5,2.92,2.94,2.93,411.71999999999997,414.54,413.13,413.13,88.78787879,0.8878787879,0.11212121210000003,-2.1881747420054904,6.928203230275509,3.871201010907891,1.6812412373755872,-0.0516463195134024,k_H (Higuchi constant),0.09097634114746063,0.09097634114746063,0.23552975636614734,0.9928077536091181,0.01710380071306922,3.286319787613727,k (first-order),0.03506523235941262,-0.03506523235941262,-0.35786801393226125,0.9735661630196949,0.03136217913338376,6.025920881431417,n (release exponent),0.23849147186935918,0.32176903659479167,0.23849147186935918,-0.49245574980506557,0.9807141183666589,0.03352407121557709,6.441306259663089,slope (1/beta),0.12339966561339287,0.12339966561339287,0.30923990524866546,0.9243905853227848,0.05545596758588568,10.655295081841382,Higuchi Model,k_H (Higuchi constant),0.09097634114746063,,,,,,,,,,
SNAHCO3RawData,PO4,72.0,,,,73.5,73.5,73.5,3.3,3.3,3.3,465.29999999999995,465.29999999999995,465.29999999999995,465.3,100.0,1.0,,,,,,,k_H (Higuchi constant),0.09097634114746063,0.09097634114746063,0.23552975636614734,0.9928077536091181,0.01710380071306922,3.286319787613727,k (first-order),0.03506523235941262,-0.03506523235941262,-0.35786801393226125,0.9735661630196949,0.03136217913338376,6.025920881431417,n (release exponent),0.23849147186935918,0.32176903659479167,0.23849147186935918,-0.49245574980506557,0.9807141183666589,0.03352407121557709,6.441306259663089,slope (1/beta),0.12339966561339287,0.12339966561339287,0.30923990524866546,0.9243905853227848,0.05545596758588568,10.655295081841382,Higuchi Model,k_H (Higuchi constant),0.09097634114746063,,,,,,,,,,
SNAHCO3RawData,Mg,0.0,0.0,0.0,0.0,0.0,0.0,0.0,0.0,0.0,0.0,,,,,,0.0,,,,,,,k_H (Higuchi constant),0.1124502967726229,0.1124502967726229,0.323045260370252,0.977116817427445,0.030893895994437003,5.029632714987666,k (first-order),0.06986566759019877,-0.06986566759019877,-0.5090858516058665,0.9911893601248539,0.03541960781932321,5.766434193737805,n (release exponent),0.23136083469493599,0.4200330758070163,0.23136083469493599,-0.3767165094238142,0.9872828454682904,0.017423689110325026,2.836636621708226,slope (1/beta),0.14046169233170452,0.14046169233170452,0.4171529330077354,0.9746567434957104,0.03251214902480696,5.293089884136622,First-Order Model,k (first-order),0.06986566759019877,0.0,0.0,0.0,0.0,0.0,,,,,
SNAHCO3RawData,Mg,0.5,33.0,34.0,34.0,23.2,24.4,22.1,0.97,0.95,0.97,,,,,,0.3400673401,0.6599326598999999,-0.4156174796216723,0.7071067811865476,-0.6931471805599453,-0.3010299956639812,-0.4684350754928603,k_H (Higuchi constant),0.1124502967726229,0.1124502967726229,0.323045260370252,0.977116817427445,0.030893895994437003,5.029632714987666,k (first-order),0.06986566759019877,-0.06986566759019877,-0.5090858516058665,0.9911893601248539,0.03541960781932321,5.766434193737805,n (release exponent),0.23136083469493599,0.4200330758070163,0.23136083469493599,-0.3767165094238142,0.9872828454682904,0.017423689110325026,2.836636621708226,slope (1/beta),0.14046169233170452,0.14046169233170452,0.4171529330077354,0.9746567434957104,0.03251214902480696,5.293089884136622,First-Order Model,k (first-order),0.06986566759019877,33.0,34.0,34.0,33.66666667,34.00673401,,,,,
SNAHCO3RawData,Mg,1.0,44.0,43.0,45.0,28.3,27.6,27.4,1.06,1.09,1.07,,,,,,0.4444444444,0.5555555556,-0.5877866648221189,1.0,0.0,0.0,-0.3521825181547919,k_H (Higuchi constant),0.1124502967726229,0.1124502967726229,0.323045260370252,0.977116817427445,0.030893895994437003,5.029632714987666,k (first-order),0.06986566759019877,-0.06986566759019877,-0.5090858516058665,0.9911893601248539,0.03541960781932321,5.766434193737805,n (release exponent),0.23136083469493599,0.4200330758070163,0.23136083469493599,-0.3767165094238142,0.9872828454682904,0.017423689110325026,2.836636621708226,slope (1/beta),0.14046169233170452,0.14046169233170452,0.4171529330077354,0.9746567434957104,0.03251214902480696,5.293089884136622,First-Order Model,k (first-order),0.06986566759019877,44.0,43.0,45.0,44.0,44.44444444,,,,,
SNAHCO3RawData,Mg,2.0,52.0,51.0,50.0,36.4,31.7,32.0,1.21,1.22,1.19,,,,,,0.5151515152,0.4848484848,-0.7239188393266991,1.4142135623730951,0.6931471805599453,0.3010299956639812,-0.2880650184587388,k_H (Higuchi constant),0.1124502967726229,0.1124502967726229,0.323045260370252,0.977116817427445,0.030893895994437003,5.029632714987666,k (first-order),0.06986566759019877,-0.06986566759019877,-0.5090858516058665,0.9911893601248539,0.03541960781932321,5.766434193737805,n (release exponent),0.23136083469493599,0.4200330758070163,0.23136083469493599,-0.3767165094238142,0.9872828454682904,0.017423689110325026,2.836636621708226,slope (1/beta),0.14046169233170452,0.14046169233170452,0.4171529330077354,0.9746567434957104,0.03251214902480696,5.293089884136622,First-Order Model,k (first-order),0.06986566759019877,52.0,51.0,50.0,51.0,51.51515152,,,,,
SNAHCO3RawData,Mg,4.0,52.0,57.0,55.0,33.6,31.5,33.3,1.38,1.4,1.4,,,,,,0.5521885522,0.44781144780000004,-0.8033830106065096,2.0,1.3862943611198906,0.6020599913279624,-0.25791260126051085,k_H (Higuchi constant),0.1124502967726229,0.1124502967726229,0.323045260370252,0.977116817427445,0.030893895994437003,5.029632714987666,k (first-order),0.06986566759019877,-0.06986566759019877,-0.5090858516058665,0.9911893601248539,0.03541960781932321,5.766434193737805,n (release exponent),0.23136083469493599,0.4200330758070163,0.23136083469493599,-0.3767165094238142,0.9872828454682904,0.017423689110325026,2.836636621708226,slope (1/beta),0.14046169233170452,0.14046169233170452,0.4171529330077354,0.9746567434957104,0.03251214902480696,5.293089884136622,First-Order Model,k (first-order),0.06986566759019877,52.0,57.0,55.0,54.66666667,55.21885522,,,,,
SNAHCO3RawData,Mg,6.0,59.0,68.0,61.0,38.3,40.5,37.4,1.6,1.61,1.56,,,,,,0.632996633,0.367003367,-1.0023842565827301,2.449489742783178,1.791759469228055,0.7781512503836436,-0.19859860005122243,k_H (Higuchi constant),0.1124502967726229,0.1124502967726229,0.323045260370252,0.977116817427445,0.030893895994437003,5.029632714987666,k (first-order),0.06986566759019877,-0.06986566759019877,-0.5090858516058665,0.9911893601248539,0.03541960781932321,5.766434193737805,n (release exponent),0.23136083469493599,0.4200330758070163,0.23136083469493599,-0.3767165094238142,0.9872828454682904,0.017423689110325026,2.836636621708226,slope (1/beta),0.14046169233170452,0.14046169233170452,0.4171529330077354,0.9746567434957104,0.03251214902480696,5.293089884136622,First-Order Model,k (first-order),0.06986566759019877,59.0,68.0,61.0,62.66666667,63.2996633,,,,,
SNAHCO3RawData,Mg,24.0,85.0,86.0,89.0,57.0,55.8,58.2,2.21,2.0,2.2,,,,,,0.8754208755,0.12457912449999997,-2.0828142267936105,4.898979485566356,3.1780538303479458,1.380211241711606,-0.05778310130714084,k_H (Higuchi constant),0.1124502967726229,0.1124502967726229,0.323045260370252,0.977116817427445,0.030893895994437003,5.029632714987666,k (first-order),0.06986566759019877,-0.06986566759019877,-0.5090858516058665,0.9911893601248539,0.03541960781932321,5.766434193737805,n (release exponent),0.23136083469493599,0.4200330758070163,0.23136083469493599,-0.3767165094238142,0.9872828454682904,0.017423689110325026,2.836636621708226,slope (1/beta),0.14046169233170452,0.14046169233170452,0.4171529330077354,0.9746567434957104,0.03251214902480696,5.293089884136622,First-Order Model,k (first-order),0.06986566759019877,85.0,86.0,89.0,86.66666667,87.54208755,,,,,
SNAHCO3RawData,Mg,32.0,98.0,87.0,94.0,57.5,62.3,60.6,2.48,2.41,2.45,,,,,,0.9393939394,0.060606060599999956,-2.8033603810065357,5.656854249492381,3.4657359027997265,1.505149978319906,-0.02715224604081288,k_H (Higuchi constant),0.1124502967726229,0.1124502967726229,0.323045260370252,0.977116817427445,0.030893895994437003,5.029632714987666,k (first-order),0.06986566759019877,-0.06986566759019877,-0.5090858516058665,0.9911893601248539,0.03541960781932321,5.766434193737805,n (release exponent),0.23136083469493599,0.4200330758070163,0.23136083469493599,-0.3767165094238142,0.9872828454682904,0.017423689110325026,2.836636621708226,slope (1/beta),0.14046169233170452,0.14046169233170452,0.4171529330077354,0.9746567434957104,0.03251214902480696,5.293089884136622,First-Order Model,k (first-order),0.06986566759019877,98.0,87.0,94.0,93.0,93.93939394,,,,,
SNAHCO3RawData,Mg,48.0,99.0,99.0,99.0,73.5,73.2,73.5,2.92,2.94,2.93,,,,,,1.0,,,,,,,k_H (Higuchi constant),0.1124502967726229,0.1124502967726229,0.323045260370252,0.977116817427445,0.030893895994437003,5.029632714987666,k (first-order),0.06986566759019877,-0.06986566759019877,-0.5090858516058665,0.9911893601248539,0.03541960781932321,5.766434193737805,n (release exponent),0.23136083469493599,0.4200330758070163,0.23136083469493599,-0.3767165094238142,0.9872828454682904,0.017423689110325026,2.836636621708226,slope (1/beta),0.14046169233170452,0.14046169233170452,0.4171529330077354,0.9746567434957104,0.03251214902480696,5.293089884136622,First-Order Model,k (first-order),0.06986566759019877,99.0,99.0,99.0,99.0,100.0,,,,,
SNAHCO3RawData,Mg,72.0,,,,73.5,73.5,73.5,3.3,3.3,3.3,,,,,,,,,,,,,k_H (Higuchi constant),0.1124502967726229,0.1124502967726229,0.323045260370252,0.977116817427445,0.030893895994437003,5.029632714987666,k (first-order),0.06986566759019877,-0.06986566759019877,-0.5090858516058665,0.9911893601248539,0.03541960781932321,5.766434193737805,n (release exponent),0.23136083469493599,0.4200330758070163,0.23136083469493599,-0.3767165094238142,0.9872828454682904,0.017423689110325026,2.836636621708226,slope (1/beta),0.14046169233170452,0.14046169233170452,0.4171529330077354,0.9746567434957104,0.03251214902480696,5.293089884136622,First-Order Model,k (first-order),0.06986566759019877,,,,,,,,,,
SNAHCO3RawData,NH4,0.0,0.0,0.0,0.0,0.0,0.0,0.0,0.0,0.0,0.0,,,,,,0.0,,,,,,,k_H (Higuchi constant),0.1027655214326819,0.1027655214326819,0.26732553287728916,0.989357093856895,0.023543198972242656,3.9959783496566046,k (first-order),0.10328829490229048,-0.10328829490229048,-0.05763815927548066,0.7818379175053071,0.1564982873182392,26.56239573132454,n (release exponent),0.2391211266809196,0.36363082176738937,0.2391211266809196,-0.43933931258926434,0.9723635007729132,0.0391514311270773,6.645157751345707,slope (1/beta),0.1395660500205335,0.1395660500205335,0.3502868175869257,0.9235004409777581,0.06311968498430448,10.713280507538418,Higuchi Model,k_H (Higuchi constant),0.1027655214326819,,,,,,0.0,0.0,0.0,0.0,0.0
SNAHCO3RawData,NH4,0.5,33.0,34.0,34.0,23.2,24.4,22.1,0.97,0.95,0.97,,,,,,0.3160997732,0.6839002268000001,-0.37994323925071066,0.7071067811865476,-0.6931471805599453,-0.3010299956639812,-0.5001758157644185,k_H (Higuchi constant),0.1027655214326819,0.1027655214326819,0.26732553287728916,0.989357093856895,0.023543198972242656,3.9959783496566046,k (first-order),0.10328829490229048,-0.10328829490229048,-0.05763815927548066,0.7818379175053071,0.1564982873182392,26.56239573132454,n (release exponent),0.2391211266809196,0.36363082176738937,0.2391211266809196,-0.43933931258926434,0.9723635007729132,0.0391514311270773,6.645157751345707,slope (1/beta),0.1395660500205335,0.1395660500205335,0.3502868175869257,0.9235004409777581,0.06311968498430448,10.713280507538418,Higuchi Model,k_H (Higuchi constant),0.1027655214326819,,,,,,23.2,24.4,22.1,23.23333333,31.60997732
SNAHCO3RawData,NH4,1.0,44.0,43.0,45.0,28.3,27.6,27.4,1.06,1.09,1.07,,,,,,0.3777777778,0.6222222222,-0.4744579796308301,1.0,0.0,0.0,-0.422763592371523,k_H (Higuchi constant),0.1027655214326819,0.1027655214326819,0.26732553287728916,0.989357093856895,0.023543198972242656,3.9959783496566046,k (first-order),0.10328829490229048,-0.10328829490229048,-0.05763815927548066,0.7818379175053071,0.1564982873182392,26.56239573132454,n (release exponent),0.2391211266809196,0.36363082176738937,0.2391211266809196,-0.43933931258926434,0.9723635007729132,0.0391514311270773,6.645157751345707,slope (1/beta),0.1395660500205335,0.1395660500205335,0.3502868175869257,0.9235004409777581,0.06311968498430448,10.713280507538418,Higuchi Model,k_H (Higuchi constant),0.1027655214326819,,,,,,28.3,27.6,27.4,27.76666667,37.77777778
SNAHCO3RawData,NH4,2.0,52.0,51.0,50.0,36.4,31.7,32.0,1.21,1.22,1.19,,,,,,0.453968254,0.5460317459999999,-0.6050781620703197,1.4142135623730951,0.6931471805599453,0.3010299956639812,-0.3429745162941684,k_H (Higuchi constant),0.1027655214326819,0.1027655214326819,0.26732553287728916,0.989357093856895,0.023543198972242656,3.9959783496566046,k (first-order),0.10328829490229048,-0.10328829490229048,-0.05763815927548066,0.7818379175053071,0.1564982873182392,26.56239573132454,n (release exponent),0.2391211266809196,0.36363082176738937,0.2391211266809196,-0.43933931258926434,0.9723635007729132,0.0391514311270773,6.645157751345707,slope (1/beta),0.1395660500205335,0.1395660500205335,0.3502868175869257,0.9235004409777581,0.06311968498430448,10.713280507538418,Higuchi Model,k_H (Higuchi constant),0.1027655214326819,,,,,,36.4,31.7,32.0,33.36666667,45.3968254
SNAHCO3RawData,NH4,4.0,52.0,57.0,55.0,33.6,31.5,33.3,1.38,1.4,1.4,,,,,,0.4462585034,0.5537414966,-0.5910573137677846,2.0,1.3862943611198906,0.6020599913279624,-0.35041349537383987,k_H (Higuchi constant),0.1027655214326819,0.1027655214326819,0.26732553287728916,0.989357093856895,0.023543198972242656,3.9959783496566046,k (first-order),0.10328829490229048,-0.10328829490229048,-0.05763815927548066,0.7818379175053071,0.1564982873182392,26.56239573132454,n (release exponent),0.2391211266809196,0.36363082176738937,0.2391211266809196,-0.43933931258926434,0.9723635007729132,0.0391514311270773,6.645157751345707,slope (1/beta),0.1395660500205335,0.1395660500205335,0.3502868175869257,0.9235004409777581,0.06311968498430448,10.713280507538418,Higuchi Model,k_H (Higuchi constant),0.1027655214326819,,,,,,33.6,31.5,33.3,32.8,44.62585034
SNAHCO3RawData,NH4,6.0,59.0,68.0,61.0,38.3,40.5,37.4,1.6,1.61,1.56,,,,,,0.5269841269,0.47301587310000004,-0.7486263327023215,2.449489742783178,1.791759469228055,0.7781512503836436,-0.2782024658188756,k_H (Higuchi constant),0.1027655214326819,0.1027655214326819,0.26732553287728916,0.989357093856895,0.023543198972242656,3.9959783496566046,k (first-order),0.10328829490229048,-0.10328829490229048,-0.05763815927548066,0.7818379175053071,0.1564982873182392,26.56239573132454,n (release exponent),0.2391211266809196,0.36363082176738937,0.2391211266809196,-0.43933931258926434,0.9723635007729132,0.0391514311270773,6.645157751345707,slope (1/beta),0.1395660500205335,0.1395660500205335,0.3502868175869257,0.9235004409777581,0.06311968498430448,10.713280507538418,Higuchi Model,k_H (Higuchi constant),0.1027655214326819,,,,,,38.3,40.5,37.4,38.73333333,52.69841269
SNAHCO3RawData,NH4,24.0,85.0,86.0,89.0,57.0,55.8,58.2,2.21,2.0,2.2,,,,,,0.7755102041,0.22448979589999996,-1.4939250253940743,4.898979485566356,3.1780538303479458,1.380211241711606,-0.11041248340141756,k_H (Higuchi constant),0.1027655214326819,0.1027655214326819,0.26732553287728916,0.989357093856895,0.023543198972242656,3.9959783496566046,k (first-order),0.10328829490229048,-0.10328829490229048,-0.05763815927548066,0.7818379175053071,0.1564982873182392,26.56239573132454,n (release exponent),0.2391211266809196,0.36363082176738937,0.2391211266809196,-0.43933931258926434,0.9723635007729132,0.0391514311270773,6.645157751345707,slope (1/beta),0.1395660500205335,0.1395660500205335,0.3502868175869257,0.9235004409777581,0.06311968498430448,10.713280507538418,Higuchi Model,k_H (Higuchi constant),0.1027655214326819,,,,,,57.0,55.8,58.2,57.0,77.55102041
SNAHCO3RawData,NH4,32.0,98.0,87.0,94.0,57.5,62.3,60.6,2.48,2.41,2.45,,,,,,0.8181405895,0.18185941049999998,-1.704521360194078,5.656854249492381,3.4657359027997265,1.505149978319906,-0.08717206063464722,k_H (Higuchi constant),0.1027655214326819,0.1027655214326819,0.26732553287728916,0.989357093856895,0.023543198972242656,3.9959783496566046,k (first-order),0.10328829490229048,-0.10328829490229048,-0.05763815927548066,0.7818379175053071,0.1564982873182392,26.56239573132454,n (release exponent),0.2391211266809196,0.36363082176738937,0.2391211266809196,-0.43933931258926434,0.9723635007729132,0.0391514311270773,6.645157751345707,slope (1/beta),0.1395660500205335,0.1395660500205335,0.3502868175869257,0.9235004409777581,0.06311968498430448,10.713280507538418,Higuchi Model,k_H (Higuchi constant),0.1027655214326819,,,,,,57.5,62.3,60.6,60.13333333,81.81405895
SNAHCO3RawData,NH4,48.0,99.0,99.0,99.0,73.5,73.2,73.5,2.92,2.94,2.93,,,,,,0.9986394558,0.00136054419999998,-6.599870512212852,6.928203230275509,3.871201010907891,1.6812412373755872,-0.0005912791604324976,k_H (Higuchi constant),0.1027655214326819,0.1027655214326819,0.26732553287728916,0.989357093856895,0.023543198972242656,3.9959783496566046,k (first-order),0.10328829490229048,-0.10328829490229048,-0.05763815927548066,0.7818379175053071,0.1564982873182392,26.56239573132454,n (release exponent),0.2391211266809196,0.36363082176738937,0.2391211266809196,-0.43933931258926434,0.9723635007729132,0.0391514311270773,6.645157751345707,slope (1/beta),0.1395660500205335,0.1395660500205335,0.3502868175869257,0.9235004409777581,0.06311968498430448,10.713280507538418,Higuchi Model,k_H (Higuchi constant),0.1027655214326819,,,,,,73.5,73.2,73.5,73.4,99.86394558
SNAHCO3RawData,NH4,72.0,,,,73.5,73.5,73.5,3.3,3.3,3.3,,,,,,1.0,,,,,,,k_H (Higuchi constant),0.1027655214326819,0.1027655214326819,0.26732553287728916,0.989357093856895,0.023543198972242656,3.9959783496566046,k (first-order),0.10328829490229048,-0.10328829490229048,-0.05763815927548066,0.7818379175053071,0.1564982873182392,26.56239573132454,n (release exponent),0.2391211266809196,0.36363082176738937,0.2391211266809196,-0.43933931258926434,0.9723635007729132,0.0391514311270773,6.645157751345707,slope (1/beta),0.1395660500205335,0.1395660500205335,0.3502868175869257,0.9235004409777581,0.06311968498430448,10.713280507538418,Higuchi Model,k_H (Higuchi constant),0.1027655214326819,,,,,,73.5,73.5,73.5,73.5,100.0
